OBSNAME,TANN,Temp_season,MTWA,MTCO,Temp_wet,Temp_dry,PANN,P_wet,P_dry,P_season
Costa da Terra Nova 1,27.07500076,53.49170303,32.70000076,22.39999962,26.60000038,27.33333206,2275,303,84,44.77910614
Costa da Terra Nova 2,27.07500076,53.49170303,32.70000076,22.39999962,26.60000038,27.33333206,2275,303,84,44.77910614
Costa da Terra Nova 3,27.07500076,53.49170303,32.70000076,22.39999962,26.60000038,27.33333206,2275,303,84,44.77910614
Costa da Terra Nova 4,27.07500076,53.49170303,32.70000076,22.39999962,26.60000038,27.33333206,2275,303,84,44.77910614
Costa da Terra Nova 5,27.07500076,53.49170303,32.70000076,22.39999962,26.60000038,27.33333206,2275,303,84,44.77910614
Costa da Terra Nova 6,27.07500076,53.49170303,32.70000076,22.39999962,26.60000038,27.33333206,2275,303,84,44.77910614
11p7,26.37083244,44.59201813,31.89999962,21.5,25.96666718,26.91666603,2246,452,5,86.35826111
12p7,26.37083244,44.59201813,31.89999962,21.5,25.96666718,26.91666603,2246,452,5,86.35826111
14p7,26.37083244,44.59201813,31.89999962,21.5,25.96666718,26.91666603,2246,452,5,86.35826111
15fs,26.37083244,44.59201813,31.89999962,21.5,25.96666718,26.91666603,2246,452,5,86.35826111
16fs,26.37083244,44.59201813,31.89999962,21.5,25.96666718,26.91666603,2246,452,5,86.35826111
19rs,26.37083244,44.59201813,31.89999962,21.5,25.96666718,26.91666603,2246,452,5,86.35826111
1cs,26.37083244,44.59201813,31.89999962,21.5,25.96666718,26.91666603,2246,452,5,86.35826111
20rs,26.37083244,44.59201813,31.89999962,21.5,25.96666718,26.91666603,2246,452,5,86.35826111
21rs,26.37083244,44.59201813,31.89999962,21.5,25.96666718,26.91666603,2246,452,5,86.35826111
22rs,26.37083244,44.59201813,31.89999962,21.5,25.96666718,26.91666603,2246,452,5,86.35826111
2cs,26.37083244,44.59201813,31.89999962,21.5,25.96666718,26.91666603,2246,452,5,86.35826111
3cs,26.37083244,44.59201813,31.89999962,21.5,25.96666718,26.91666603,2246,452,5,86.35826111
4cs,26.37083244,44.59201813,31.89999962,21.5,25.96666718,26.91666603,2246,452,5,86.35826111
6avi,26.37083244,44.59201813,31.89999962,21.5,25.96666718,26.91666603,2246,452,5,86.35826111
7avi,26.37083244,44.59201813,31.89999962,21.5,25.96666718,26.91666603,2246,452,5,86.35826111
9avi,26.37083244,44.59201813,31.89999962,21.5,25.96666718,26.91666603,2246,452,5,86.35826111
I S12,26.16666603,47.25814819,32.29999924,21,25.88333321,26.78333282,2192,321,48,58.3847084
II S10,26.16666603,47.25814819,32.29999924,21,25.88333321,26.78333282,2192,321,48,58.3847084
III S9,26.16666603,47.25814819,32.29999924,21,25.88333321,26.78333282,2192,321,48,58.3847084
VII S22,26.16666603,47.25814819,32.29999924,21,25.88333321,26.78333282,2192,321,48,58.3847084
XV S36,26.16666603,47.25814819,32.29999924,21,25.88333321,26.78333282,2192,321,48,58.3847084
Bonnett,25.90833282,62.07888031,31.29999924,20.5,25.71666718,26.43333435,2724,301,142,23.82629204
AC3_União,25.15833282,87.77122498,31.79999924,17,25.66666603,23.89999962,1662,217,50,43.72225571
AC4_Paraiso,25.40416718,86.14096069,31.89999962,17.5,25.85000038,24.18333435,1611,208,54,42.45508194
Altamira,26.33749962,61.53806686,32.90000153,20.89999962,25.70000076,27.13333321,1961,369,34,75.06122589
Alter do Chão,26.28333282,64.7138443,31.79999924,21.39999962,25.76666641,27.03333282,1916,325,33,66.71735382
Anangucocha,25.14583397,53.23441696,30.60000038,19.79999924,24.75,25.61666679,3308,353,203,17.9987545
BR 174 Flooded grassland,27.39166641,69.73431396,33.5,22,26.45000076,27.84999847,1775,331,44,70.78135681
Bujari,25.04999924,85.38683319,31.79999924,16.89999962,25.5,23.83333397,1694,218,54,42.23683548
Buriti Prainha 1,26.64166641,69.24376678,32.90000153,21.70000076,26.14999962,27.61666679,1814,310,27,68.75267029
Buritizal Grosso,27.78333282,75.32756805,33.79999924,22.79999924,26.85000038,27.81666565,1648,326,46,75.67785645
Caracarana Lake,27.39999962,64.73725128,33.40000153,22.39999962,26.60000038,27.35000038,1699,309,54,65.00454712
Cocha Cashu,25.07916641,79.18499756,31.39999962,18,25.61666679,23.95000076,2554,357,80,48.34277344
Cujubim,25.79166603,43.4235611,33,18.10000038,25.79999924,25.28333282,2210,346,19,65.59007263
Das Dores (Monte Alegre),26.67916679,65.83238983,32.40000153,22.10000038,26.16666603,27.39999962,1626,292,23,74.2073288
Igarapé PA Nova Amazonia 1,27.64166641,72.1372757,33.59999847,22.20000076,26.64999962,28.06666565,1843,359,44,76.15283203
Imuya,25.66666603,67.83447266,31.29999924,20.10000038,25.31666565,26.31666756,2779,327,141,27.83004379
Iriri,25.4375,50.4581337,31.79999924,19.60000038,24.98333359,25.70000076,1828,349,33,72.43766785
Itaituba 3,26.99583244,60.73256302,33.29999924,21.10000038,26.39999962,27.26666641,1962,294,57,52.41793442
Itauau Lake,26.59583282,64.04750824,32.59999847,21.70000076,26.14999962,27.5,1788,295,25,67.24056244
Lagartacocha,25.64999962,65.01747131,31.29999924,20.10000038,25.29999924,26.26666641,2778,327,141,27.59247971
Lago Azul,27.74166679,72.85830688,33.59999847,22.39999962,26.73333359,28,1760,349,34,78.31842041
Lago Verde (Alter do Chão),26.42916679,66.96191406,32.09999847,21.39999962,25.88333321,27.19999886,1954,335,33,67.5446701
Lago do Limão,27.60000038,75.1362381,33.59999847,22.10000038,26.56666565,28.03333282,1728,348,37,81.40746307
Lago do Robertinho,26.42916679,66.96191406,32.09999847,21.39999962,25.88333321,27.19999886,1954,335,33,67.5446701
Lake Geral,26.66666603,69.42406464,32.90000153,21.70000076,26.18333435,27.63333321,1798,304,26,68.89046478
Malduro,24.90416718,47.88521957,30.29999924,19.70000076,24.53333282,25.29999924,3505,368,233,17.05345345
Maravilha,26.01666641,46.43337631,33.40000153,18.10000038,26.06666565,25.46666718,2202,342,26,62.57437134
Maria Pexi Lake,27.77499962,75.15138245,33.70000076,22.5,26.75,28.01666641,1698,357,40,82.24473572
Paraiso,25.75,47.19398117,33.29999924,17.70000076,25.79999924,25.20000076,2214,343,22,64.30108643
Pau D'Arco,25.8125,43.75162125,32.90000153,18.10000038,25.85000038,25.26666641,2231,347,19,65.53964233
Refugio (indigena),27.46249962,72.02036285,33.40000153,22.20000076,26.48333359,27.70000076,1777,347,67,66.73573303
Reis,26.05416679,41.96635437,33.20000076,19.10000038,25.81666565,25.89999962,2206,329,26,56.84227753
Romeu,25.36249924,88.680336,32,17.29999924,25.81666756,24.08333397,1616,195,64,36.00539398
Ruropolis 1,25.87916756,55.90000916,32.20000076,19.89999962,25.38333321,26.10000038,2000,309,64,54.30999374
Ruropolis 2,26.02916718,53.74429321,32.20000076,20.10000038,25.54999924,26.23333359,2011,311,59,55.23568726
Ruropolis 3,26.60833359,56.44119644,32.90000153,20.60000038,26.10000038,26.81666756,2056,320,69,53.34093475
Samauma (Itaituba),26.97083282,60.16860962,33.29999924,21.10000038,26.39999962,27.23333359,1966,295,58,52.10064697
San Carlos,24.90416718,47.88521957,30.29999924,19.70000076,24.53333282,25.29999924,3505,368,233,17.05345345
Santarem 1 (Santooth),25.9375,59.0887413,31.60000038,20.70000076,25.45000076,26.63333321,1844,307,36,64.12300873
Santarem 2,25.875,60.39640045,31.79999924,20.39999962,25.39999962,26.60000038,1845,305,38,62.39865494
Sapococha,26.49166679,62.69818497,32.40000153,21.60000038,26.06666565,27.36666679,1788,296,24,66.8742218
São Joao Lake,25.78750038,44.72770691,32.90000153,18.10000038,25.79999924,25.26666641,2212,347,21,64.60511017
São Miguel,24.91666603,48.06877518,30.29999924,19.70000076,24.56666565,25.29999924,3501,366,232,16.97483635
Taracoa,25,49.03616714,30.39999962,19.79999924,24.61666679,25.41666603,3431,354,224,16.4644165
Tracajaí Lake,26.66250038,64.53066254,32.70000076,21.79999924,26.21666718,27.56666756,1744,291,26,66.11889648
Trairão 1,26.625,56.1451149,32.90000153,20.60000038,26.10000038,26.85000038,2187,324,67,50.76347351
Trairão 2,26.70416641,54.16550446,33,20.60000038,26.20000076,26.60000038,2180,324,63,51.65977097
Urumau Lake,26.65833282,66.80477142,32.79999924,21.79999924,26.18333435,27.60000038,1749,297,26,67.54085541
Verde_6L,25.45416641,34.93231201,31,20.10000038,25.20000076,25.68333435,2901,343,176,21.05373955
Werth,25.14166641,105.2666397,31.89999962,16.89999962,25.79999924,23.64999962,1948,287,44,58.66718674
Yasuni,25.125,51.58841324,30.60000038,19.79999924,24.76666641,25.58333397,3330,356,203,18.18070412
Ypaiuna Lake,26.67083359,65.69413757,32.70000076,21.79999924,26.21666718,27.60000038,1734,297,24,68.94342804
Zancudococha,25.51250076,63.17813873,31.20000076,20,25.13333321,26.13333321,2759,312,143,25.87389374
LAGUNA BELLA VISTA,25.52083397,99.097229,32.70000076,16.5,25.98333359,24.28333282,1540,276,12,74.37042236
27N-Agu,25.07083321,80.63548279,31.39999962,18,25.60000038,23.91666794,2623,368,86,47.87929153
Ayauchi120,25.3125,50.81718063,31,19.60000038,25.43333435,24.68333435,2422,269,159,19.2406292
Ayauchi121,25.3125,50.81718063,31,19.60000038,25.43333435,24.68333435,2422,269,159,19.2406292
Ayauchi121Moss,25.3125,50.81718063,31,19.60000038,25.43333435,24.68333435,2422,269,159,19.2406292
Ayauchi122,25.3125,50.81718063,31,19.60000038,25.43333435,24.68333435,2422,269,159,19.2406292
Ayauchi123,25.3125,50.81718063,31,19.60000038,25.43333435,24.68333435,2422,269,159,19.2406292
Ayauchi124,25.3125,50.81718063,31,19.60000038,25.43333435,24.68333435,2422,269,159,19.2406292
Ayauchi125,25.3125,50.81718063,31,19.60000038,25.43333435,24.68333435,2422,269,159,19.2406292
Ayauchi126,25.39583397,50.83208084,31.10000038,19.60000038,25.53333282,24.75,2411,267,158,19.06152153
Callanga_1,22.5,75.73880005,29.29999924,15.39999962,22.93333435,21.45000076,2672,383,93,46.96839905
Callanga_10,21.01250076,80.06035614,28.20000076,13.39999962,21.41666603,19.91666603,2348,331,89,46.04399109
Callanga_11,21.01250076,80.06035614,28.20000076,13.39999962,21.41666603,19.91666603,2348,331,89,46.04399109
Callanga_12,21.01250076,80.06035614,28.20000076,13.39999962,21.41666603,19.91666603,2348,331,89,46.04399109
Callanga_13,21.01250076,80.06035614,28.20000076,13.39999962,21.41666603,19.91666603,2348,331,89,46.04399109
Callanga_14,21.14999962,74.40675354,28.20000076,13.80000019,21.53333282,20.13333321,2443,344,91,46.02614212
Callanga_15,21.14999962,74.40675354,28.20000076,13.80000019,21.53333282,20.13333321,2443,344,91,46.02614212
Callanga_16,20.22083282,77.73669434,27.5,12.5,20.58333397,19.16666603,2129,300,79,46.75115585
Callanga_17,20.22083282,77.73669434,27.5,12.5,20.58333397,19.16666603,2129,300,79,46.75115585
Callanga_18,20.22083282,77.73669434,27.5,12.5,20.58333397,19.16666603,2129,300,79,46.75115585
Callanga_2,21.5625,76.22111511,28.60000038,14.19999981,21.93333435,20.51666641,2456,348,89,47.02671432
Callanga_3,21.5625,76.22111511,28.60000038,14.19999981,21.93333435,20.51666641,2456,348,89,47.02671432
Callanga_4,23.17499924,85.0267334,29.79999924,16.29999924,23.71666718,21.98333359,3937,551,168,40.89617538
Callanga_5,21.43333244,79.58223724,28.60000038,13.89999962,21.85000038,20.35000038,2455,346,91,46.34428024
Callanga_6,21.40833282,76.27203369,28.5,14.10000038,21.79999924,20.36666679,2452,346,93,46.1957283
Callanga_7,21.40833282,76.27203369,28.5,14.10000038,21.79999924,20.36666679,2452,346,93,46.1957283
Callanga_8,21.05833244,76.30183411,28.20000076,13.60000038,21.41666603,20.01666641,2379,333,93,45.34198761
Callanga_9,21.91666603,77.73304749,28.89999962,14.69999981,22.35000038,20.85000038,2652,375,98,45.90377045
Callanga_24,24.57083321,82.99666595,30.79999924,17.89999962,25.13333321,23.39999962,3426,484,145,42.21523285
Callanga_25,23.94583321,80.23993683,30.5,17.10000038,24.48333359,22.83333397,3291,474,123,44.92676544
Callanga_26,23.13750076,75.86245728,29.79999924,16.20000076,23.60000038,22.08333397,2883,413,102,45.89738846
Chalalan,24.64166641,151.4750824,31.5,15.89999962,25.89999962,23.18333435,1876,286,67,53.41206741
Cocha_landing,25.07500076,78.75450897,31.39999962,18,25.61666679,23.95000076,2572,360,82,48.14039993
"Comprida0,01",26.56666756,66.48081207,32.5,21.70000076,26.08333397,27.5,1758,301,26,70.21242523
Consuelo1,20.48749924,116.8161926,27.5,12,21.33333397,18.83333397,2031,303,71,51.64749146
Consuelo2,20.48749924,116.8161926,27.5,12,21.33333397,18.83333397,2031,303,71,51.64749146
Cuyabeno_1,25.28750038,57.56912613,30.89999962,19.89999962,24.93333435,25.79999924,3245,356,176,23.42585373
Cuyabeno_101,25.17916679,55.6555481,30.79999924,19.79999924,24.79999924,25.66666603,3372,358,193,21.45423317
Cuyabeno_105,25.17916679,55.6555481,30.79999924,19.79999924,24.79999924,25.66666603,3372,358,193,21.45423317
Cuyabeno_108,25.17916679,55.6555481,30.79999924,19.79999924,24.79999924,25.66666603,3372,358,193,21.45423317
Cuyabeno_111,25.17916679,55.6555481,30.79999924,19.79999924,24.79999924,25.66666603,3372,358,193,21.45423317
Cuyabeno_114,25.17916679,55.6555481,30.79999924,19.79999924,24.79999924,25.66666603,3372,358,193,21.45423317
Cuyabeno_117,25.17916679,55.6555481,30.79999924,19.79999924,24.79999924,25.66666603,3372,358,193,21.45423317
Cuyabeno_12,25.17916679,55.6555481,30.79999924,19.79999924,24.79999924,25.66666603,3372,358,193,21.45423317
Cuyabeno_121,25.17916679,55.6555481,30.79999924,19.79999924,24.79999924,25.66666603,3372,358,193,21.45423317
Cuyabeno_125,25.17916679,55.6555481,30.79999924,19.79999924,24.79999924,25.66666603,3372,358,193,21.45423317
Cuyabeno_16,25.17916679,55.6555481,30.79999924,19.79999924,24.79999924,25.66666603,3372,358,193,21.45423317
Cuyabeno_20,25.17916679,55.6555481,30.79999924,19.79999924,24.79999924,25.66666603,3372,358,193,21.45423317
Cuyabeno_24,25.17916679,55.6555481,30.79999924,19.79999924,24.79999924,25.66666603,3372,358,193,21.45423317
Cuyabeno_28,25.17916679,55.6555481,30.79999924,19.79999924,24.79999924,25.66666603,3372,358,193,21.45423317
Cuyabeno_32,25.17916679,55.6555481,30.79999924,19.79999924,24.79999924,25.66666603,3372,358,193,21.45423317
Cuyabeno_36,25.17916679,55.6555481,30.79999924,19.79999924,24.79999924,25.66666603,3372,358,193,21.45423317
Cuyabeno_4,25.17916679,55.6555481,30.79999924,19.79999924,24.79999924,25.66666603,3372,358,193,21.45423317
Cuyabeno_40,25.17916679,55.6555481,30.79999924,19.79999924,24.79999924,25.66666603,3372,358,193,21.45423317
Cuyabeno_44,25.17916679,55.6555481,30.79999924,19.79999924,24.79999924,25.66666603,3372,358,193,21.45423317
Cuyabeno_48,25.17916679,55.6555481,30.79999924,19.79999924,24.79999924,25.66666603,3372,358,193,21.45423317
Cuyabeno_52,25.17916679,55.6555481,30.79999924,19.79999924,24.79999924,25.66666603,3372,358,193,21.45423317
Cuyabeno_56,25.17916679,55.6555481,30.79999924,19.79999924,24.79999924,25.66666603,3372,358,193,21.45423317
Cuyabeno_59,25.17916679,55.6555481,30.79999924,19.79999924,24.79999924,25.66666603,3372,358,193,21.45423317
Cuyabeno_63,25.17916679,55.6555481,30.79999924,19.79999924,24.79999924,25.66666603,3372,358,193,21.45423317
Cuyabeno_66,25.17916679,55.6555481,30.79999924,19.79999924,24.79999924,25.66666603,3372,358,193,21.45423317
Cuyabeno_70,25.17916679,55.6555481,30.79999924,19.79999924,24.79999924,25.66666603,3372,358,193,21.45423317
Cuyabeno_74,25.17916679,55.6555481,30.79999924,19.79999924,24.79999924,25.66666603,3372,358,193,21.45423317
Cuyabeno_77,25.17916679,55.6555481,30.79999924,19.79999924,24.79999924,25.66666603,3372,358,193,21.45423317
Cuyabeno_8,25.17916679,55.6555481,30.79999924,19.79999924,24.79999924,25.66666603,3372,358,193,21.45423317
Cuyabeno_81,25.17916679,55.6555481,30.79999924,19.79999924,24.79999924,25.66666603,3372,358,193,21.45423317
Cuyabeno_85,25.17916679,55.6555481,30.79999924,19.79999924,24.79999924,25.66666603,3372,358,193,21.45423317
Cuyabeno_89,25.17916679,55.6555481,30.79999924,19.79999924,24.79999924,25.66666603,3372,358,193,21.45423317
Cuyabeno_93,25.17916679,55.6555481,30.79999924,19.79999924,24.79999924,25.66666603,3372,358,193,21.45423317
Cuyabeno_97,25.17916679,55.6555481,30.79999924,19.79999924,24.79999924,25.66666603,3372,358,193,21.45423317
"Dragao,Pata",25.60000038,35.61154938,31.20000076,20.20000076,25.35000038,25.83333397,2902,345,177,21.01331139
Dragao1,25.60000038,35.61154938,31.20000076,20.20000076,25.35000038,25.83333397,2902,345,177,21.01331139
Dragao2,25.60000038,35.61154938,31.20000076,20.20000076,25.35000038,25.83333397,2902,345,177,21.01331139
E-isla,25.0625,84.10288239,31.39999962,18,25.64999962,23.85000038,2813,395,94,47.28487015
E-lag,24.98749924,82.41042328,31.29999924,17.89999962,25.56666565,23.81666565,2817,396,93,47.29992676
E-paki,24.16666603,73.18509674,30.70000076,17.20000076,24.54999924,23.14999962,2444,342,86,46.52007675
E_gray,25.07083321,81.86624146,31.39999962,18,25.63333321,23.89999962,2702,380,87,47.83302689
E_lag2,25.03750038,82.21714783,31.39999962,18,25.58333397,23.85000038,2719,381,88,47.57831955
Esperanca,25.60000038,35.61154938,31.20000076,20.20000076,25.35000038,25.83333397,2902,345,177,21.01331139
Facus1_2,25.05833244,83.93267822,31.39999962,18,25.63333321,23.86666679,2915,411,101,46.68279266
Geral10cm,26.69583321,67.73807526,32.79999924,21.79999924,26.21666718,27.64999962,1791,302,26,68.3686676
Kumpak113,24.32916641,53.48993301,30.10000038,18.70000076,24.11666679,24.75,2567,277,162,19.35875702
Kumpak114,24.32916641,53.48993301,30.10000038,18.70000076,24.11666679,24.75,2567,277,162,19.35875702
Kumpak116,24.32916641,53.48993301,30.10000038,18.70000076,24.11666679,24.75,2567,277,162,19.35875702
Kumpak117,24.32916641,53.48993301,30.10000038,18.70000076,24.11666679,24.75,2567,277,162,19.35875702
Kumpak118,24.62083244,54.58348465,30.39999962,18.89999962,24.41666603,25.03333282,2592,278,168,18.90167046
LagoVerde,25.41666603,230.79245,34.20000076,17.10000038,26.38333321,24.73333359,2219,443,29,76.25922394
Limon,25.17916679,40.97995758,31.70000076,18.39999962,25.01666641,24.71666718,1385,177,79,25.36933517
MOD1,25.07916641,80.18326569,31.39999962,18,25.61666679,23.93333435,2607,365,84,47.93017197
Macas127A,19.97083282,38.46238708,25.79999924,14.60000038,19.61666679,20.20000076,2209,270,126,24.35149956
Macas127B,19.97083282,38.46238708,25.79999924,14.60000038,19.61666679,20.20000076,2209,270,126,24.35149956
Macas127Moss,19.97083282,38.46238708,25.79999924,14.60000038,19.61666679,20.20000076,2209,270,126,24.35149956
Macas128,19.97083282,38.46238708,25.79999924,14.60000038,19.61666679,20.20000076,2209,270,126,24.35149956
Macas129,21.08333397,45.84225845,26.89999962,15.60000038,20.64999962,21.35000038,2624,299,165,18.60482597
Macas130,21.08333397,45.84225845,26.89999962,15.60000038,20.64999962,21.35000038,2624,299,165,18.60482597
Macas131,21.02083397,42.82406616,26.79999924,15.5,20.61666679,21.28333282,2605,300,163,18.98324585
Macas132,21.02083397,42.82406616,26.79999924,15.5,20.61666679,21.28333282,2605,300,163,18.98324585
Macas133,21.02083397,42.82406616,26.79999924,15.5,20.61666679,21.28333282,2605,300,163,18.98324585
Macas134,21.02083397,42.82406616,26.79999924,15.5,20.61666679,21.28333282,2605,300,163,18.98324585
Macas135,21.02083397,42.82406616,26.79999924,15.5,20.61666679,21.28333282,2605,300,163,18.98324585
Macas136,21.02083397,42.82406616,26.79999924,15.5,20.61666679,21.28333282,2605,300,163,18.98324585
Manu1202,21.14999962,74.40675354,28.20000076,13.80000019,21.53333282,20.13333321,2443,344,91,46.02614212
Manu1230,21.05833244,74.21815491,28.10000038,13.69999981,21.43333435,20.03333282,2417,341,88,46.36544418
"Manu1463,1",20.29999924,75.46823883,27.5,12.69999981,20.63333321,19.26666641,2200,310,82,46.45077896
"Manu4163,2",20.29999924,75.46823883,27.5,12.69999981,20.63333321,19.26666641,2200,310,82,46.45077896
Manu470,24.50833321,81.84890747,30.79999924,17.89999962,25.06666565,23.35000038,3479,493,143,42.67790222
Manu550,24.18333244,80.82904053,30.5,17.5,24.71666718,23.04999924,3425,484,140,42.7208786
Manu670,23.61249924,80.34371948,30.10000038,16.79999924,24.10000038,22.5,3321,460,138,41.76731491
Manu770,23.61249924,80.34371948,30.10000038,16.79999924,24.10000038,22.5,3321,460,138,41.76731491
Manu880,23.60416603,80.88876343,30.10000038,16.79999924,24.08333397,22.48333359,3339,460,145,40.94599533
Manutest5,23.61249924,80.34371948,30.10000038,16.79999924,24.10000038,22.5,3321,460,138,41.76731491
Manutest6,23.27083397,80.55090332,29.89999962,16.29999924,23.75,22.16666603,3203,443,131,42.35347748
Patashore,25.60000038,35.61154938,31.20000076,20.20000076,25.35000038,25.83333397,2902,345,177,21.01331139
SantaMaria,26.67499924,66.41809082,32.79999924,21.79999924,26.21666718,27.61666679,1800,304,27,67.61279297
SantaRosa,24.75,153.829895,31.5,16,26.04999924,23.26666641,1867,285,67,53.64172745
Sloaneaswamp,25.09583282,98.3605957,31.5,17.89999962,25.79999924,23.70000076,3580,528,131,48.50353241
Tapajos0cm,26.92916679,45.64975357,32.40000153,22,26.30000114,27.10000038,1982,314,78,52.80249405
vine_swamp,25.05833435,80.98353577,31.39999962,18,25.61666679,23.89999962,2682,375,88,47.4114151
Sauce,25.32500076,40.9822464,31.79999924,18.5,25.16666794,24.85000038,1405,180,80,25.15681839
Verde0cm,25.60000038,35.61154938,31.20000076,20.20000076,25.35000038,25.83333397,2902,345,177,21.01331139
Werth0cm,25.14166641,105.2666397,31.89999962,16.89999962,25.79999924,23.64999962,1948,287,44,58.66718674
ct1_7,25.07083321,80.63548279,31.39999962,18,25.60000038,23.91666794,2634,369,86,47.86226273
oxbow,25.06666756,81.4173584,31.39999962,18,25.60000038,23.89999962,2611,364,85,47.68514633
max10cm,25.29999924,58.11430359,31,19.70000076,24.96666718,25.83333397,3051,336,173,22.05986214
sege_pool,25.07083321,80.63548279,31.39999962,18,25.60000038,23.91666794,2646,370,85,47.71846008
Granja,25.97083282,82.41959381,33.20000076,17.60000038,26.21666718,24.95000076,1412,235,10,71.42237091
Oricore,25.94166756,82.48506165,32.90000153,17.70000076,26.23333359,24.90000153,1424,238,11,71.74989319
Chaplin,25.72083282,124.2149658,32.90000153,16.39999962,26.39999962,24.10000038,1465,260,12,73.69134521
Chara,24.72916603,158.2210541,31.70000076,15.89999962,26.03333282,23.21666718,1870,287,66,53.02452087
Isla Patuju,25.29166603,111.5354309,31.89999962,17.39999962,26.10000038,23.71666718,2247,338,69,56.15396118
Motacual P12,25.89583397,149.4453278,33.09999847,16.79999924,27,23.76666641,1822,285,53,56.87847137
Motacuzal,23.35416603,137.7490997,30.5,14.80000019,24.45000076,21.41666603,1580,255,32,58.91098785
P1,25.47916603,105.3016891,33.20000076,15.60000038,26.01666641,24.13333321,1707,312,13,75.23332977
Pacaizal,25.88750076,150.1382141,33.09999847,16.79999924,27,23.75,1821,286,53,57.10789871
Sta Maria,25.73333359,172.3149109,33,16.29999924,27.13333321,23.29999924,2305,359,55,58.50309753
Transecto 1-3 Jass,25.29166603,111.5354309,31.89999962,17.39999962,26.10000038,23.71666718,2247,338,69,56.15396118
Transecto 2 Jass,25.89583397,149.4453278,33.09999847,16.79999924,27,23.76666641,1822,285,53,56.87847137
senda7,24.72916603,158.2210541,31.70000076,15.89999962,26.03333282,23.21666718,1870,287,66,53.02452087
PATAM15_CT0,26.67916679,60.09305573,32.79999924,20.10000038,26.79999924,25.96666718,1432,210,35,48.35982513
PATAM16_CT3,26.83333397,59.97475052,33.20000076,20.20000076,26.89999962,26.71666718,1364,213,28,56.76263428
PATAM17_CT1,26.79999924,60.11351776,33.09999847,20.10000038,26.89999962,26.63333321,1359,199,33,50.95363998
PATAM18_CT2,26.79999924,60.11351776,33.09999847,20.10000038,26.89999962,26.63333321,1359,199,33,50.95363998
VEN_T_01,26.59166718,44.5091095,32.40000153,20.39999962,26.70000076,26.16666794,2479,257,127,21.15591621
VEN_T_02,26.59166718,44.5091095,32.40000153,20.39999962,26.70000076,26.16666794,2479,257,127,21.15591621
VEN_T_03,26.61666679,44.38126755,32.40000153,20.39999962,26.73333359,26.18333435,2486,258,125,21.42950058
VEN_T_04,26.61666679,44.38126755,32.40000153,20.39999962,26.73333359,26.18333435,2486,258,125,21.42950058
VEN_T_05,26.61666679,44.38126755,32.40000153,20.39999962,26.73333359,26.18333435,2486,258,125,21.42950058
SAR_A_E,26.57916641,41.42124176,32.5,20.5,26.73333359,26.01666641,2510,250,118,20.5145359
SAR_A_N,26.57916641,41.42124176,32.5,20.5,26.73333359,26.01666641,2510,250,118,20.5145359
SAR_A_S,26.57916641,41.42124176,32.5,20.5,26.73333359,26.01666641,2510,250,118,20.5145359
SAR_A_W,26.57916641,41.42124176,32.5,20.5,26.73333359,26.01666641,2510,250,118,20.5145359
SAR_B_E,26.54999924,40.28308105,32.40000153,20.5,26.68333244,26,2503,251,116,21.00729942
SAR_B_N,26.54999924,40.28308105,32.40000153,20.5,26.68333244,26,2503,251,116,21.00729942
SAR_B_S,26.54999924,40.28308105,32.40000153,20.5,26.68333244,26,2503,251,116,21.00729942
SAR_B_W,26.54999924,40.28308105,32.40000153,20.5,26.68333244,26,2503,251,116,21.00729942
T00-111 (Los Fierros: Cerradão),25.51666641,131.0678864,33,15.69999981,26.26666641,23.79999924,1481,261,12,73.36096954
T00-112 (Los Fierros: Cerradão),25.51666641,131.0678864,33,15.69999981,26.26666641,23.79999924,1481,261,12,73.36096954
T00-113 (Los Fierros: Cerradão),25.51666641,131.0678864,33,15.69999981,26.26666641,23.79999924,1481,261,12,73.36096954
T00-115 (Los Fierros: Cerradão),25.51666641,131.0678864,33,15.69999981,26.26666641,23.79999924,1481,261,12,73.36096954
T00-118 (Los Fierros: Cerradão),25.51666641,131.0678864,33,15.69999981,26.26666641,23.79999924,1481,261,12,73.36096954
"T00-130 (Los Fierros, Pampa termitero)",25.51666641,131.0678864,33,15.69999981,26.26666641,23.79999924,1481,261,12,73.36096954
T00-51 (Acuario 2),25.5,149.3622742,33.09999847,15.89999962,26.38333321,23.56666565,1301,221,13,70.26624298
T00-52 (Acuario 2),25.5,149.3622742,33.09999847,15.89999962,26.38333321,23.56666565,1301,221,13,70.26624298
T00-54 (Acuario 2),25.5,149.3622742,33.09999847,15.89999962,26.38333321,23.56666565,1301,221,13,70.26624298
T00-57 (Acuario 2),25.5,149.3622742,33.09999847,15.89999962,26.38333321,23.56666565,1301,221,13,70.26624298
T00-59 (Acuario 2),25.5,149.3622742,33.09999847,15.89999962,26.38333321,23.56666565,1301,221,13,70.26624298
T00-81 (Los Fierros 1),25.45416641,130.7401886,32.90000153,15.69999981,26.18333244,23.73333359,1478,261,12,73.60997772
T00-84 (Los Fierros 1),25.45416641,130.7401886,32.90000153,15.69999981,26.18333244,23.73333359,1478,261,12,73.60997772
T00-86 (Los Fierros 1),25.45416641,130.7401886,32.90000153,15.69999981,26.18333244,23.73333359,1478,261,12,73.60997772
T00-88 (Los Fierros 1),25.45416641,130.7401886,32.90000153,15.69999981,26.18333244,23.73333359,1478,261,12,73.60997772
T00-90 (Los Fierros 1),25.45416641,130.7401886,32.90000153,15.69999981,26.18333244,23.73333359,1478,261,12,73.60997772
T01-111 (Los Fierros: Cerradão),25.51666641,131.0678864,33,15.69999981,26.26666641,23.79999924,1481,261,12,73.36096954
T01-112 (Los Fierros: Cerradão),25.51666641,131.0678864,33,15.69999981,26.26666641,23.79999924,1481,261,12,73.36096954
T01-113 (Los Fierros: Cerradão),25.51666641,131.0678864,33,15.69999981,26.26666641,23.79999924,1481,261,12,73.36096954
T01-114 (Los Fierros: Cerradão),25.51666641,131.0678864,33,15.69999981,26.26666641,23.79999924,1481,261,12,73.36096954
T01-115 (Los Fierros: Cerradão),25.51666641,131.0678864,33,15.69999981,26.26666641,23.79999924,1481,261,12,73.36096954
T01-116 (Los Fierros: Cerradão),25.51666641,131.0678864,33,15.69999981,26.26666641,23.79999924,1481,261,12,73.36096954
T01-117 (Los Fierros: Cerradão),25.51666641,131.0678864,33,15.69999981,26.26666641,23.79999924,1481,261,12,73.36096954
T01-118 (Los Fierros: Cerradão),25.51666641,131.0678864,33,15.69999981,26.26666641,23.79999924,1481,261,12,73.36096954
T01-119 (Los Fierros: Cerradão),25.51666641,131.0678864,33,15.69999981,26.26666641,23.79999924,1481,261,12,73.36096954
T01-120 (Los Fierros: Cerradão),25.51666641,131.0678864,33,15.69999981,26.26666641,23.79999924,1481,261,12,73.36096954
T01-51 (Acuario 2),25.5,149.3622742,33.09999847,15.89999962,26.38333321,23.56666565,1301,221,13,70.26624298
T01-52 (Acuario 2),25.5,149.3622742,33.09999847,15.89999962,26.38333321,23.56666565,1301,221,13,70.26624298
T01-54 (Acuario 2),25.5,149.3622742,33.09999847,15.89999962,26.38333321,23.56666565,1301,221,13,70.26624298
T01-57 (Acuario 2),25.5,149.3622742,33.09999847,15.89999962,26.38333321,23.56666565,1301,221,13,70.26624298
T01-59 (Acuario 2),25.5,149.3622742,33.09999847,15.89999962,26.38333321,23.56666565,1301,221,13,70.26624298
T01-81 (Los Fierros 1),25.45416641,130.7401886,32.90000153,15.69999981,26.18333244,23.73333359,1478,261,12,73.60997772
T01-84 (Los Fierros 1),25.45416641,130.7401886,32.90000153,15.69999981,26.18333244,23.73333359,1478,261,12,73.60997772
T01-86 (Los Fierros 1),25.45416641,130.7401886,32.90000153,15.69999981,26.18333244,23.73333359,1478,261,12,73.60997772
T01-88 (Los Fierros 1),25.45416641,130.7401886,32.90000153,15.69999981,26.18333244,23.73333359,1478,261,12,73.60997772
T01-90 (Los Fierros 1),25.45416641,130.7401886,32.90000153,15.69999981,26.18333244,23.73333359,1478,261,12,73.60997772
T99-111 (Los Fierros: Cerradão),25.51666641,131.0678864,33,15.69999981,26.26666641,23.79999924,1481,261,12,73.36096954
T99-113 (Los Fierros: Cerradão),25.51666641,131.0678864,33,15.69999981,26.26666641,23.79999924,1481,261,12,73.36096954
T99-116 (Los Fierros: Cerradão),25.51666641,131.0678864,33,15.69999981,26.26666641,23.79999924,1481,261,12,73.36096954
T99-117 (Los Fierros: Cerradão),25.51666641,131.0678864,33,15.69999981,26.26666641,23.79999924,1481,261,12,73.36096954
T99-118 (Los Fierros: Cerradão),25.51666641,131.0678864,33,15.69999981,26.26666641,23.79999924,1481,261,12,73.36096954
T99-119 (Los Fierros: Cerradão),25.51666641,131.0678864,33,15.69999981,26.26666641,23.79999924,1481,261,12,73.36096954
"T99-121 (Los Fierros, Pampa termitero)",25.51666641,131.0678864,33,15.69999981,26.26666641,23.79999924,1481,261,12,73.36096954
"T99-124 (Los Fierros, Pampa termitero)",25.51666641,131.0678864,33,15.69999981,26.26666641,23.79999924,1481,261,12,73.36096954
"T99-126 (Los Fierros, Pampa termitero)",25.51666641,131.0678864,33,15.69999981,26.26666641,23.79999924,1481,261,12,73.36096954
T99-143 (Las Londras 1),25.58333397,124.9424133,32.90000153,16.10000038,26.26666641,23.95000076,1472,261,12,73.43274689
T99-145 (Las Londras 1),25.58333397,124.9424133,32.90000153,16.10000038,26.26666641,23.95000076,1472,261,12,73.43274689
T99-147 (Las Londras 1),25.58333397,124.9424133,32.90000153,16.10000038,26.26666641,23.95000076,1472,261,12,73.43274689
T99-149 (Las Londras 1),25.58333397,124.9424133,32.90000153,16.10000038,26.26666641,23.95000076,1472,261,12,73.43274689
T99-51 (Acuario 2),25.5,149.3622742,33.09999847,15.89999962,26.38333321,23.56666565,1301,221,13,70.26624298
T99-52 (Acuario 2),25.5,149.3622742,33.09999847,15.89999962,26.38333321,23.56666565,1301,221,13,70.26624298
T99-53 (Acuario 2),25.5,149.3622742,33.09999847,15.89999962,26.38333321,23.56666565,1301,221,13,70.26624298
T99-54 (Acuario 2),25.5,149.3622742,33.09999847,15.89999962,26.38333321,23.56666565,1301,221,13,70.26624298
T99-55 (Acuario 2),25.5,149.3622742,33.09999847,15.89999962,26.38333321,23.56666565,1301,221,13,70.26624298
T99-56 (Acuario 2),25.5,149.3622742,33.09999847,15.89999962,26.38333321,23.56666565,1301,221,13,70.26624298
T99-57 (Acuario 2),25.5,149.3622742,33.09999847,15.89999962,26.38333321,23.56666565,1301,221,13,70.26624298
T99-58 (Acuario 2),25.5,149.3622742,33.09999847,15.89999962,26.38333321,23.56666565,1301,221,13,70.26624298
T99-59 (Acuario 2),25.5,149.3622742,33.09999847,15.89999962,26.38333321,23.56666565,1301,221,13,70.26624298
T99-60 (Acuario 2),25.5,149.3622742,33.09999847,15.89999962,26.38333321,23.56666565,1301,221,13,70.26624298
T99-81 (Los Fierros 1),25.45416641,130.7401886,32.90000153,15.69999981,26.18333244,23.73333359,1478,261,12,73.60997772
T99-82 (Los Fierros 1),25.45416641,130.7401886,32.90000153,15.69999981,26.18333244,23.73333359,1478,261,12,73.60997772
T99-83 (Los Fierros 1),25.45416641,130.7401886,32.90000153,15.69999981,26.18333244,23.73333359,1478,261,12,73.60997772
T99-84 (Los Fierros 1),25.45416641,130.7401886,32.90000153,15.69999981,26.18333244,23.73333359,1478,261,12,73.60997772
T99-85 (Los Fierros 1),25.45416641,130.7401886,32.90000153,15.69999981,26.18333244,23.73333359,1478,261,12,73.60997772
T99-86 (Los Fierros 1),25.45416641,130.7401886,32.90000153,15.69999981,26.18333244,23.73333359,1478,261,12,73.60997772
T99-87 (Los Fierros 1),25.45416641,130.7401886,32.90000153,15.69999981,26.18333244,23.73333359,1478,261,12,73.60997772
T99-88 (Los Fierros 1),25.45416641,130.7401886,32.90000153,15.69999981,26.18333244,23.73333359,1478,261,12,73.60997772
T99-89 (Los Fierros 1),25.45416641,130.7401886,32.90000153,15.69999981,26.18333244,23.73333359,1478,261,12,73.60997772
T99-90 (Los Fierros 1),25.45416641,130.7401886,32.90000153,15.69999981,26.18333244,23.73333359,1478,261,12,73.60997772
128,25.90833282,62.07888031,31.29999924,20.5,25.71666718,26.43333435,2724,301,142,23.82629204
141,25.90833282,62.07888031,31.29999924,20.5,25.71666718,26.43333435,2724,301,142,23.82629204
145,25.90833282,62.07888031,31.29999924,20.5,25.71666718,26.43333435,2724,301,142,23.82629204
146,25.90833282,62.07888031,31.29999924,20.5,25.71666718,26.43333435,2724,301,142,23.82629204
152,25.90833282,62.07888031,31.29999924,20.5,25.71666718,26.43333435,2724,301,142,23.82629204
155,25.90833282,62.07888031,31.29999924,20.5,25.71666718,26.43333435,2724,301,142,23.82629204
157,25.90833282,62.07888031,31.29999924,20.5,25.71666718,26.43333435,2724,301,142,23.82629204
258,25.90833282,62.07888031,31.29999924,20.5,25.71666718,26.43333435,2724,301,142,23.82629204
259,25.90833282,62.07888031,31.29999924,20.5,25.71666718,26.43333435,2724,301,142,23.82629204
270,25.90833282,62.07888031,31.29999924,20.5,25.71666718,26.43333435,2724,301,142,23.82629204
271,25.90833282,62.07888031,31.29999924,20.5,25.71666718,26.43333435,2724,301,142,23.82629204
272,25.90833282,62.07888031,31.29999924,20.5,25.71666718,26.43333435,2724,301,142,23.82629204
275,25.90833282,62.07888031,31.29999924,20.5,25.71666718,26.43333435,2724,301,142,23.82629204
276,25.90833282,62.07888031,31.29999924,20.5,25.71666718,26.43333435,2724,301,142,23.82629204
282,25.90833282,62.07888031,31.29999924,20.5,25.71666718,26.43333435,2724,301,142,23.82629204
290,25.90833282,62.07888031,31.29999924,20.5,25.71666718,26.43333435,2724,301,142,23.82629204
295,25.90833282,62.07888031,31.29999924,20.5,25.71666718,26.43333435,2724,301,142,23.82629204
311,25.90833282,62.07888031,31.29999924,20.5,25.71666718,26.43333435,2724,301,142,23.82629204
Bosque de Avicennia,26.375,45.65184402,32,21.39999962,25.98333359,26.91666603,2328,458,6,84.13212585
Campo Salgado,26.40833282,45.36886215,31.89999962,21.5,26.01666641,26.95000076,2295,455,6,84.73454285
Lagoa da Curuca,26.59583282,54.95694351,31.79999924,22.39999962,26,27.31666565,2772,533,25,77.64408875
Lake Carana,26.46666718,63.43688965,31.79999924,21.70000076,25.91666794,27.23333359,1858,309,35,64.33823395
Pantano de Monica 2,26.29999924,58.96839142,31.5,21,26.09999847,26.78333282,2772,306,159,21.0465889
Pantano de Monica 3,26.29166603,59.49916077,31.5,21,26.09999847,26.76666641,2774,306,160,20.96548271
CAM-1,25.17499924,54.50188065,30.79999924,19.70000076,24.81666756,25.68333435,3204,352,189,20.57320786
CAM-2,25.21249962,53.68786621,30.79999924,19.79999924,24.86666679,25.71666718,3205,351,189,20.55602074
CAM-3,25.17499924,54.50188065,30.79999924,19.70000076,24.81666756,25.68333435,3204,352,189,20.57320786
CAM-4,25.21249962,53.68786621,30.79999924,19.79999924,24.86666679,25.71666718,3205,351,189,20.55602074
CAM-5,25.21249962,53.68786621,30.79999924,19.79999924,24.86666679,25.71666718,3205,351,189,20.55602074
CAM-6,25.20416641,53.65963745,30.79999924,19.79999924,24.85000038,25.71666718,3203,349,189,20.53614807
CAM-7,25.20416641,53.65963745,30.79999924,19.79999924,24.85000038,25.71666718,3203,349,189,20.53614807
FROI-1,25.25416756,55.36894608,30.89999962,19.79999924,24.89999962,25.76666641,3201,345,191,20.06034088
FROI-2,25.17916679,53.65963364,30.79999924,19.70000076,24.81666756,25.66666603,3212,346,191,20.1482811
FROI-3,25.17916679,53.65963364,30.79999924,19.70000076,24.81666756,25.66666603,3212,346,191,20.1482811
Guan-1,25.10833359,52.56310272,30.60000038,19.79999924,24.73333359,25.56666756,3344,355,204,17.95454597
Guan-2,25.10833359,52.56310272,30.60000038,19.79999924,24.73333359,25.56666756,3344,355,204,17.95454597
Guan-3,25.10833359,52.56310272,30.60000038,19.79999924,24.73333359,25.56666756,3344,355,204,17.95454597
Guan-4,25.10833359,52.56310272,30.60000038,19.79999924,24.73333359,25.56666756,3344,355,204,17.95454597
Guan-5,25.10833359,52.56310272,30.60000038,19.79999924,24.73333359,25.56666756,3344,355,204,17.95454597
Guan-6,25.10833359,52.56310272,30.60000038,19.79999924,24.73333359,25.56666756,3344,355,204,17.95454597
HUAR-1,25.24583244,55.36894608,30.89999962,19.79999924,24.89999962,25.75,3176,343,184,20.87848091
HUAR-2,25.24166679,55.425354,30.89999962,19.79999924,24.88333321,25.75,3181,344,185,20.79282379
HUAR-3,25.24583244,55.36894608,30.89999962,19.79999924,24.89999962,25.75,3172,344,185,20.70048714
OUT-1,25.09583282,51.98156738,30.60000038,19.70000076,24.73333359,25.54999924,3334,358,202,18.42066002
OUT-2,25.09583282,51.98156738,30.60000038,19.70000076,24.73333359,25.54999924,3334,358,202,18.42066002
OUT-3,25.09583282,51.98156738,30.60000038,19.70000076,24.73333359,25.54999924,3334,358,202,18.42066002
PALAB2F22D1_1,25.17916679,53.65963364,30.79999924,19.70000076,24.81666756,25.66666603,3212,346,191,20.1482811
PANT2-1,25.13333321,50.91584778,30.60000038,19.79999924,24.76666641,25.58333397,3338,354,206,17.71848297
PANT2-2,25.07083321,51.93783569,30.5,19.70000076,24.71666718,25.51666641,3345,359,206,17.8113327
PANT2-3,25.07083321,51.93783569,30.5,19.70000076,24.71666718,25.51666641,3345,359,206,17.8113327
PANT2-4,25.13333321,50.91584778,30.60000038,19.79999924,24.76666641,25.58333397,3338,354,206,17.71848297
PANT2-5,25.13333321,50.91584778,30.60000038,19.79999924,24.76666641,25.58333397,3338,354,206,17.71848297
PANT2-6,25.13333321,50.91584778,30.60000038,19.79999924,24.76666641,25.58333397,3338,354,206,17.71848297
PARC-1,25.08333397,52.71421051,30.60000038,19.70000076,24.70000076,25.54999924,3333,358,203,18.23551369
PARC-2,25.08333397,52.71421051,30.60000038,19.70000076,24.70000076,25.54999924,3333,358,203,18.23551369
PETR-1,25.07500076,52.24505234,30.60000038,19.70000076,24.70000076,25.54999924,3357,359,205,18.29004288
PETR-2,25.07500076,52.24505234,30.60000038,19.70000076,24.70000076,25.54999924,3357,359,205,18.29004288
PUMA-1,25.20833397,54.34876633,30.79999924,19.79999924,24.85000038,25.71666718,3214,351,190,20.46020699
PUMA-2,25.20833397,54.34876633,30.79999924,19.79999924,24.85000038,25.71666718,3214,351,190,20.46020699
PUMA-3,25.24583244,55.85933685,30.89999962,19.79999924,24.88333321,25.76666641,3215,347,191,20.21376038
PUMA-4,25.25,55.43218994,30.89999962,19.79999924,24.88333321,25.76666641,3196,343,190,20.25693512
PUMA-5,25.25,55.43218994,30.89999962,19.79999924,24.88333321,25.76666641,3196,343,190,20.25693512
TIP-1,25.25,55.43218994,30.89999962,19.79999924,24.88333321,25.76666641,3196,343,190,20.25693512
TIP-2,25.25,55.43218994,30.89999962,19.79999924,24.88333321,25.76666641,3196,343,190,20.25693512
TIP-3,25.25,55.43218994,30.89999962,19.79999924,24.88333321,25.76666641,3196,343,190,20.25693512
JEN-T3-11-C,26.33333397,42.97637558,32,20.20000076,26.45000076,25.89999962,2593,271,132,23.49160576
PAN-T3-02-C,26.57083321,38.99057388,32.5,20.5,26.53333282,26.04999924,2390,240,123,17.99489212
PAN-T3-07-C,26.59583282,39.45414352,32.59999847,20.5,26.56666565,26.06666565,2387,240,122,18.44857407
PAN-T3-10-C,26.59166718,39.01243591,32.59999847,20.5,26.56666565,26.06666565,2391,240,122,18.19453812
PAN-T3-11-C,26.57083321,38.99057388,32.5,20.5,26.53333282,26.04999924,2390,240,123,17.99489212
QT-SP-1C-TJ,26.17083359,43.66495132,31.79999924,20.29999924,26.23333359,25.71666718,2723,291,145,22.07102585
QT-SP-2C-TJ,26.17083359,43.66495132,31.79999924,20.29999924,26.23333359,25.71666718,2723,291,145,22.07102585
QT-SP-3C,26.17083359,43.66495132,31.79999924,20.29999924,26.23333359,25.71666718,2723,291,145,22.07102585
QT-SP-3C-TJ,26.17083359,43.66495132,31.79999924,20.29999924,26.23333359,25.71666718,2723,291,145,22.07102585
QT-SP-4C,26.17083359,43.66495132,31.79999924,20.29999924,26.23333359,25.71666718,2723,291,145,22.07102585
QT-SP-4C-TJ,26.17083359,43.66495132,31.79999924,20.29999924,26.23333359,25.71666718,2723,291,145,22.07102585
QT-SP-5C-TJ,26.17083359,43.66495132,31.79999924,20.29999924,26.23333359,25.71666718,2723,291,145,22.07102585
QT-SP-6C-TJ,26.17083359,43.66495132,31.79999924,20.29999924,26.23333359,25.71666718,2723,291,145,22.07102585
QT-SP-9C,26.17083359,43.66495132,31.79999924,20.29999924,26.23333359,25.71666718,2723,291,145,22.07102585
SAR_01_T3_A,26.57916641,42.07453156,32.5,20.39999962,26.76666641,26,2486,246,120,19.33925438
SAR_02_T3_A,26.57083321,41.25632858,32.5,20.39999962,26.73333359,26,2498,247,122,19.07000923
SAR_03_T3_A_CA,26.57916641,41.42124176,32.5,20.5,26.73333359,26.01666641,2510,250,118,20.5145359
SAR_03_T3_B_CA,26.54999924,40.28308105,32.40000153,20.5,26.68333244,26,2503,251,116,21.00729942
SAR_04_T3_A,26.60833359,41.66060257,32.5,20.5,26.76666641,26.03333282,2477,247,116,20.69751167
SJO-SP-1C,26.17499924,42.560112,31.79999924,20.29999924,26.20000076,25.75,2646,290,131,23.61362457
SJO-SP-2C,26.17499924,42.560112,31.79999924,20.29999924,26.20000076,25.75,2646,290,131,23.61362457
SJO-SP-4C,26.17499924,42.560112,31.79999924,20.29999924,26.20000076,25.75,2646,290,131,23.61362457
TAB_01_T3_A,26.46666718,43.3973732,32.29999924,20.20000076,26.53333282,26.11666679,2370,252,109,25.85025978
TAB_01_T3_B,26.46666718,43.23997498,32.29999924,20.20000076,26.53333282,26.10000038,2357,251,110,25.68514061
TAB_02_T3_A,26.49166679,42.94993591,32.20000076,20.29999924,26.60000038,26.11666679,2367,248,113,24.91816711
TAB_03_T3_A,26.49583244,42.39737701,32.29999924,20.29999924,26.56666565,26.11666679,2384,250,110,25.25963783
TAB_04_T3_A,26.51666641,42.01372147,32.29999924,20.29999924,26.60000038,26.16666603,2338,250,108,25.35100365
TAB_05_T3_A,26.47916603,42.50445938,32.20000076,20.29999924,26.58333397,26.11666679,2339,249,108,25.13999557
UNI-T3-01,26.63750076,38.91279221,32.59999847,20.5,26.61666679,26.11666679,2399,242,121,18.53013992
UNI-T3-03,26.65416718,40.08279037,32.70000076,20.5,26.61666679,26.11666679,2409,242,120,18.88152885
UNI-T3-05,26.67916679,38.28472137,32.59999847,20.60000038,26.66666603,26.14999962,2414,244,119,18.99159813
UNI-T3-06,26.63333321,38.57304001,32.59999847,20.5,26.61666679,26.11666679,2397,241,122,18.44877434
UNI-T3-08,26.65833282,40.4426384,32.70000076,20.5,26.61666679,26.11666679,2396,242,118,19.12471008
UNI-T3-10,26.65416718,40.7575264,32.59999847,20.5,26.64999962,26.09999847,2414,244,119,18.91296577
UNI_T3_14_C,26.64166641,37.76924133,32.59999847,20.60000038,26.61666679,26.13333321,2410,243,117,19.68822289
WEM_03_T3_A,26.83333397,31.06689072,32.70000076,21,26.75,26.45000076,2288,253,112,22.10904312
"A2-S2,C",26.12083435,43.19397354,31.79999924,20.20000076,26.13333321,25.68333435,2658,280,139,21.2094841
"A2-S4,C",26.12083435,43.19397354,31.79999924,20.20000076,26.13333321,25.68333435,2658,280,139,21.2094841
"A3-S4,C",26.12083435,43.14132309,31.79999924,20.20000076,26.13333321,25.68333435,2660,280,139,21.0824337
"A3-S5,C",26.12083435,43.14132309,31.79999924,20.20000076,26.13333321,25.68333435,2660,280,139,21.0824337
"A3-S7,C",26.12083435,43.14132309,31.79999924,20.20000076,26.13333321,25.68333435,2660,280,139,21.0824337
"A4-S7,C",26.11249924,43.22902679,31.79999924,20.20000076,26.13333321,25.68333435,2661,281,139,21.18622017
"A4-S9,C",26.10833359,42.89697266,31.79999924,20.20000076,26.13333321,25.68333435,2662,281,137,21.32621956
"P1-S7,C",26.63750076,40.73889923,32.5,20.60000038,26.75,26.26666641,2474,249,107,22.74796486
"P1-S9,C",26.63750076,40.73889923,32.5,20.60000038,26.75,26.26666641,2474,249,107,22.74796486
"S2-S2,C",26.70416641,38.87382507,32.5,20.70000076,26.79999924,26.16666603,2398,248,116,23.56692314
"S2-S7,C",26.70416641,38.87382507,32.5,20.70000076,26.79999924,26.16666603,2398,248,116,23.56692314
"S2-S9,C",26.70416641,38.87382507,32.5,20.70000076,26.79999924,26.16666603,2398,248,116,23.56692314
"V-T-DS,4",26.50833321,42.1487236,32.20000076,20.39999962,26.60000038,26.10000038,2459,256,127,21.12615013
"V-T-DS,C",26.50833321,42.1487236,32.20000076,20.39999962,26.60000038,26.10000038,2459,256,127,21.12615013
"V3-S7,C",26.55833244,42.5244751,32.29999924,20.39999962,26.64999962,26.14999962,2470,257,125,21.1798954
"V3-S9,C",26.55833244,42.5244751,32.29999924,20.39999962,26.64999962,26.14999962,2470,257,125,21.1798954
0.1,25.46249962,201.631134,32.59999847,16.29999924,27.04999924,22.64999962,1201,207,22,65.04481506
10,25.46249962,201.631134,32.59999847,16.29999924,27.04999924,22.64999962,1201,207,22,65.04481506
15,25.46249962,201.631134,32.59999847,16.29999924,27.04999924,22.64999962,1201,207,22,65.04481506
16,25.46249962,201.631134,32.59999847,16.29999924,27.04999924,22.64999962,1201,207,22,65.04481506
4,25.46249962,201.631134,32.59999847,16.29999924,27.04999924,22.64999962,1201,207,22,65.04481506
6,25.46249962,201.631134,32.59999847,16.29999924,27.04999924,22.64999962,1201,207,22,65.04481506
