OBSNAME,LONG,LATI,ALTI
sdv-id-HZGMdc,-56.20744725,-10.06036732,61
sdv-id-uMcEBb,-62.15576805,-4.70765058,130
sdv-id-aOPoYb,-47.69350735,-11.56292889,66
sdv-id-GTbSTm,-63.89185886,-6.67098915,59
sdv-id-ooPMOB,-68.26661883,-5.75246415,173
sdv-id-EkiLPa,-69.58531394,-12.48249736,167
sdv-id-CdfEQI,-78.05946389,-9.52919087,676
sdv-id-leijui,-59.41426907,-7.18586458,30
sdv-id-jLtjBg,-74.1504335,-9.42289183,400
sdv-id-LSjlsz,-76.09514615,-13.18056952,902
sdv-id-XeBWNY,-76.6031181,8.58181969,145
sdv-id-lqkFmW,-74.46311486,7.16124617,118
sdv-id-GqBxPG,-53.99800502,-9.08436023,65
sdv-id-TCIyTJ,-75.68470276,6.21073635,18
sdv-id-sxnsKC,-77.86195781,4.91903269,250
sdv-id-HgUnSW,-76.54363547,-7.16789688,318
sdv-id-AIBjnt,-65.17070168,0.37340273,110
sdv-id-TsPiUQ,-76.52293539,0.77254343,229
sdv-id-mYeSyW,-74.72837514,-7.22927018,317
sdv-id-wwudGj,-46.65,-16.1410884,61
sdv-id-KwDPNz,-73.95842688,-0.96107583,107
sdv-id-fcWECR,-60.21917094,-15.20797859,172
sdv-id-OkIsBu,-67.17678475,-4.67619551,68
sdv-id-qvrmUg,-68.14720644,-8.72108561,434
sdv-id-RuEckx,-56.8977373,-14.06851311,156
sdv-id-rlwOhS,-77.39219247,2.73240681,186
sdv-id-MsKdYi,-75.54855083,-8.47373361,561
sdv-id-sYXuPE,-50.77786291,-17.75,453
sdv-id-dTHcau,-76.41386714,-7.7679926,353
sdv-id-SZMZKj,-66.03294204,-11.3093537,130
sdv-id-PGghEo,-76.3826793,-14.28098185,1064
sdv-id-zuUvSk,-71.05728818,-6.45989269,125
sdv-id-YsLVSn,-51.36965307,-1.69641568,13
sdv-id-FNpBEe,-77.1081336,-7.49847804,321
sdv-id-CYMcdJ,-76.97654397,-7.76558478,361
sdv-id-hoCPIG,-61.26450998,1.25020247,29
sdv-id-HUQqLO,-57.51232041,-17.49215234,449
sdv-id-ckuqoI,-77.42739275,-3.955747,316
sdv-id-iETLTg,-53.23065417,-14.4835227,316
sdv-id-gAaOdF,-67.77988711,-5.17784504,30
sdv-id-vPYhjb,-63.72912517,-16.67027087,451
sdv-id-DPgqDk,-77.94643866,-1.86297848,296
sdv-id-cxmrvh,-65.44820512,0.64984702,50
sdv-id-odPaGi,-55.04737207,-7.58184822,106
sdv-id-vYpuNX,-73.26141255,-5.7332041,209
sdv-id-wWFIGg,-65.79626129,-8.0303441,93
sdv-id-yyefVH,-72.896636,11.59593309,30
sdv-id-FVIgex,-71.19798028,-7.45853159,185
sdv-id-UhmKkP,-65.1623272,5.04859748,14
sdv-id-COeKlL,-76.62206166,-2.60052102,147
sdv-id-XhZJZm,-72.19189381,-10.89077465,949
sdv-id-udeCuN,-63.37615889,-0.22340203,105
sdv-id-xptysn,-75.00048724,0.01504453,122
sdv-id-FXceqH,-65.77204077,-5.35598576,67
sdv-id-sDPMPE,-77.70605883,4.75822686,413
sdv-id-YudDRv,-75.19242921,-13.46930172,378
sdv-id-XDnRSX,-71.67614198,-15.91412141,332
sdv-id-ZOzJCp,-74.95709666,-7.0336918,288
sdv-id-NXRiXG,-53.54655649,-10.82416332,109
sdv-id-WHrpBO,-72.97922252,-5.74687521,204
sdv-id-XKQwLj,-57.83702469,-8.47981727,52
sdv-id-wxBTam,-70.1699906,-1.76689142,147
sdv-id-QrFRqm,-68.3216675,-2.49410702,110
sdv-id-AlXPyn,-50.7563262,-6.33001676,15
sdv-id-KGatSH,-75.63440384,5.17638839,11
sdv-id-PnZZog,-77.06650073,2.37328085,246
sdv-id-duzGkQ,-75.58192936,1.30722515,171
sdv-id-IqxyyS,-65.8987842,-5.23384689,119
sdv-id-ShMxTK,-77.35210983,-6.35727063,309
sdv-id-yetrbW,-64.4433401,-12.35079797,217
sdv-id-oaBCxO,-72.84952422,8.39091481,46
sdv-id-EqUYIi,-78.09494423,7.21131317,418
sdv-id-vpnXjE,-73.72626844,-8.36586388,485
sdv-id-ITUUMa,-77.33102905,11.1846374,49
sdv-id-PtNptP,-69.86433492,-8.62343093,462
sdv-id-UCUHbx,-63.89087301,-8.88445699,252
sdv-id-HpJYwp,-71.17616755,-11.63431518,281
sdv-id-MNHVUN,-72.38516279,-4.83905615,219
sdv-id-UwoDBh,-70.7182122,-12.37210157,317
sdv-id-FGVyzu,-69.53540777,-15.01498858,452
sdv-id-HeDlpS,-71.07811278,-14.93131532,164
sdv-id-CPuOgV,-77.45971158,-9.36162912,619
sdv-id-DDJhFC,-68.93407392,-3.3537536,57
sdv-id-qfURpu,-77.55537614,1.16501873,325
sdv-id-mrnPlr,-72.19495242,-2.02230742,72
sdv-id-KAoiQc,-77.58945981,7.41311915,224
sdv-id-snxqRK,-77.97120184,2.61672392,609
sdv-id-kcvaMB,-64.35710498,-2.18388271,120
sdv-id-LPEwgJ,-46.65,-17.75,127
sdv-id-lfFCep,-75.69184206,2.06020721,32
sdv-id-DQcfpj,-71.99967804,-5.38839063,65
sdv-id-qODTKT,-51.32042372,-12.17184716,85
sdv-id-Ihrtzx,-60.91770061,-11.8054766,114
sdv-id-aIpojW,-73.66512066,-11.29922574,174
sdv-id-rtPIsU,-60.85137457,-1.85655995,68
sdv-id-urblsv,-57.509733,-4.47017071,39
sdv-id-THBchE,-72.76643778,-3.11706888,113
sdv-id-FoqTvO,-67.8652159,0.62442413,55
sdv-id-mgHQRO,-72.88850126,-5.56982253,216
sdv-id-OqmaQC,-49.20117406,-3.37310439,7
sdv-id-sHoOAZ,-77.53943735,-5.67154207,479
sdv-id-wiGdHS,-70.30825544,-1.27890435,35
sdv-id-KbUbeq,-73.38810969,-13.28010568,363
sdv-id-GPEJZu,-73.48293168,8.34597666,59
sdv-id-SKFhKu,-74.11081469,-6.71007826,290
sdv-id-ihBcjv,-72.69940308,-0.94737377,152
sdv-id-sgwRze,-62.31165089,1.99930362,10
sdv-id-jBrYCC,-64.55508122,-2.60176562,8
sdv-id-eLaCWV,-77.65267129,1.5581125,322
sdv-id-ydnOie,-76.29777088,-0.19141776,301
sdv-id-GwPdhJ,-76.68164324,-8.54586062,584
sdv-id-dYoxlN,-75.55654826,-4.78122532,240
sdv-id-PniCZU,-76.3945319,-8.71603303,554
sdv-id-fHPeQl,-55.33433406,-9.79672318,153
sdv-id-rkGFmc,-70.76130538,-14.82119993,422
sdv-id-cIUlCA,-68.07002,-3.86848603,101
sdv-id-ItCAjN,-55.45271683,-8.18113795,130
sdv-id-lFGnkG,-73.55689066,-5.72438309,318
sdv-id-irqhJB,-68.96234621,-8.44586541,130
sdv-id-zFZaXa,-62.36552799,-5.3064687,67
sdv-id-llNcpz,-78.00704593,-2.20053945,548
sdv-id-jmxwzv,-76.66734902,11.65315089,69
sdv-id-coCQZe,-76.3222058,-17.75,952
sdv-id-iZyRoT,-77.36968958,-11.83638216,1055
sdv-id-xUbpoL,-46.96496923,-7.63108642,23
sdv-id-vDUYSF,-69.13477108,-4.51547944,80
sdv-id-FOASiD,-63.73136206,0.39289521,27
sdv-id-vbHvsT,-69.6913865,-0.96096959,48
sdv-id-aCHmVb,-67.34490499,4.89374462,29
sdv-id-wJCrSh,-75.10451591,-8.09516705,220
sdv-id-vlrxEP,-72.54335254,3.54439785,77
sdv-id-ydutdA,-73.71493363,-6.17976122,600
sdv-id-bKfDcw,-74.98595371,-5.82576546,291
sdv-id-rUcAZM,-75.81132738,-4.18940659,436
sdv-id-HHrhNo,-73.95632034,-13.84673055,417
sdv-id-fxjvOA,-63.85947015,-13.11292139,170
sdv-id-lBBTPO,-56.46656587,-9.87611859,63
sdv-id-gnpOrL,-62.22288423,-10.03364907,118
sdv-id-SkslKP,-77.26173146,3.73379901,595
sdv-id-KKxWao,-70.65683296,-6.86292725,355
sdv-id-VxfDKU,-73.32556655,-6.63023137,342
sdv-id-qAJehn,-70.00215605,-9.14172744,211
sdv-id-XIrnEV,-53.32448879,-4.74569052,62
sdv-id-FWGCpa,-77.99935989,3.83094113,222
sdv-id-VwVvUv,-64.81869667,-5.19104521,261
sdv-id-AvnjMX,-75.94674401,-5.8636508,212
sdv-id-CQXiwT,-50.09186162,-8.86914237,76
sdv-id-LRISFD,-65.35710966,-5.85363441,87
sdv-id-sdeqon,-77.14226912,1.78551838,185
sdv-id-IaqjWU,-77.86067745,11.08520601,194
sdv-id-GYJbFU,-62.84893162,-4.33225014,33
sdv-id-SjZxBA,-77.24603494,3.31917788,185
sdv-id-WRTsro,-59.55193361,2.80345755,15
sdv-id-cYzQNQ,-74.57195904,-13.4273323,235
sdv-id-MRZrrO,-69.38833576,-5.17191907,97
sdv-id-vxtbKZ,-77.61267536,-17.5486837,1003
sdv-id-mNgVvU,-72.91502275,-9.26210107,600
sdv-id-rFpGom,-76.74817275,-8.74157916,501
sdv-id-jxGtHr,-70.45199179,-8.14241468,77
sdv-id-rAtorg,-55.51592603,-13.52365627,180
sdv-id-FjxpXs,-63.76892757,-14.64511416,109
sdv-id-wooSiz,-68.14511403,-11.91072395,271
sdv-id-GIfnjW,-70.5912645,-3.27581642,113
sdv-id-hnwAiV,-74.67016694,-12.38600412,706
sdv-id-vAlFDI,-66.29018848,0.09258853,36
sdv-id-VgnXvb,-76.53464162,0.19309231,519
sdv-id-slStgl,-46.65,-15.13290858,117
sdv-id-LIrgIN,-73.6658748,-8.03784568,125
sdv-id-PvITAr,-76.33361695,0.72446864,74
sdv-id-hYHlCR,-73.17605925,-4.51071554,177
sdv-id-qySDYe,-75.4909278,7.7594024,139
sdv-id-OFjYQe,-66.43355132,-4.21222146,276
sdv-id-kWbLXk,-70.31508796,-11.38851415,354
sdv-id-FQCOvy,-52.05680343,-0.55806636,20
sdv-id-HgTLjV,-57.26756862,-7.87725835,171
sdv-id-rYUhNL,-77.27285783,-4.30912626,178
sdv-id-SAnKUi,-75.2875423,0.70651054,155
sdv-id-npOWux,-68.40868972,5.1158839,31
sdv-id-DtGWCb,-70.29932143,-11.10589349,301
sdv-id-XtVrnl,-77.79523374,-7.34926488,683
sdv-id-vawtAB,-66.37430803,-1.84819181,76
sdv-id-kyidAG,-77.76066389,-11.54039515,617
sdv-id-sqkurv,-71.65679029,-4.92465122,149
sdv-id-pwpMvT,-77.88578814,0.47846552,156
sdv-id-pdHeFl,-76.31280115,2.6092826,212
sdv-id-JrcApK,-69.28935577,-8.34049001,257
sdv-id-fICsKn,-75.69467135,2.26597012,434
sdv-id-uXmqQy,-68.80595925,2.67757672,25
sdv-id-OBTneY,-77.06011483,-0.56879383,317
sdv-id-hgPqqj,-72.92711349,-6.59322021,282
sdv-id-KPPCym,-72.86407623,-6.912031,269
sdv-id-JQGTgO,-75.83513337,-13.52413892,624
sdv-id-fnXdCu,-62.81158347,-6.27577474,52
sdv-id-UcIdpT,-70.8090884,-0.63970732,45
sdv-id-nGEMue,-46.65,-13.52969199,19
sdv-id-lrHLtb,-69.292841,2.99620409,27
sdv-id-qNUTqR,-78.13357201,-10.78046232,1149
sdv-id-hdIjtE,-68.91159727,-2.5246211,56
sdv-id-fIAkcQ,-74.2472679,2.17962953,171
sdv-id-ntlBJY,-73.10781872,-3.41899274,112
